Id,Sale_Price_pred
1461,117082.20197280453
1462,152674.63958371343
1463,166719.7767363316
1464,179858.46150890976
1465,196689.69866374816
1466,169358.44206423697
1467,178178.50509966028
1468,161569.1503491139
1469,207417.43641622295
1470,109705.11287553399
1471,181483.06744440054
1472,100100.04025913123
1473,92633.08198558829
1474,141364.6003550379
1475,110971.28626187754
1476,353569.70907962805
1477,247324.53781631042
1478,323772.73918462184
1479,311667.7165195653
1480,454849.6359312368
1481,306851.3133625026
1482,217308.91820848992
1483,177044.77711336056
1484,164688.10058167012
1485,196131.25458424597
1486,200669.41216696153
1487,324270.3591520069
1488,230530.69696080367
1489,190430.72217575103
1490,245479.04521946682
1491,203888.79930476073
1492,95536.50920042304
1493,209686.5205900502
1494,294127.3024645509
1495,280249.43629739055
1496,234887.93802658207
1497,174815.81403316706
1498,156073.0857599509
1499,158058.93572529475
1500,149291.25253919038
1501,190875.21871184334
1502,147225.97649316388
1503,267890.1361299383
1504,240260.79279844166
1505,223080.22851458643
1506,192122.53589812946
1507,244678.11110715434
1508,187829.76329276778
1509,160705.21090064442
1510,146723.0174043215
1511,147825.4600671887
1512,174419.63332502946
1513,163539.24911160738
1514,148139.62284424173
1515,195186.37018431918
1516,158745.05255702566
1517,171812.0260403686
1518,122446.71490125495
1519,218741.1491959445
1520,122909.61336961284
1521,124371.20077206715
1522,192841.33938429662
1523,97491.4638589408
1524,119222.6549573653
1525,109291.48992026449
1526,104707.02530843757
1527,93371.99980532048
1528,143984.63809469933
1529,146662.34981202747
1530,212077.4474828506
1531,137661.66622187948
1532,96387.70451122217
1533,155916.9102088946
1534,129724.68770533946
1535,155192.69640107075
1536,101907.81032491609
1537,40541.35332821957
1538,169299.22032461542
1539,208293.0594655379
1540,128722.6083776528
1541,132095.5878513954
1542,147087.61396512718
1543,178753.98722392804
1544,93394.10144859341
1545,130469.2179617672
1546,142362.46730244675
1547,141496.4440783513
1548,142631.9121961291
1549,116417.07404860448
1550,138607.02802912024
1551,118401.60078901531
1552,143513.06510419364
1553,151776.35163841123
1554,122890.83260742406
1555,161985.36762633687
1556,74886.65725309454
1557,94571.83808957323
1558,97381.06452247023
1559,89324.91375841788
1560,130727.46550195986
1561,108183.68856069751
1562,129734.424243988
1563,122157.59555857255
1564,147880.78102997597
1565,146498.82270751154
1566,250151.47759229346
1567,76606.685605517
1568,227185.10929878015
1569,115145.94186246666
1570,141874.20033815622
1571,107070.12373346683
1572,142526.31602865437
1573,236301.8542559748
1574,121915.75953793689
1575,237767.25129436317
1576,231656.5912373378
1577,180846.8271025184
1578,140167.3203697395
1579,129603.21986869759
1580,190865.5986853294
1581,159749.97154260846
1582,132682.2148968687
1583,275955.62895273673
1584,227142.64520381196
1585,144753.92631980948
1586,47634.035986673465
1587,116235.78523018185
1588,166957.78471346523
1589,104101.8007099006
1590,133921.3192980449
1591,89057.92504581955
1592,118185.48126793167
1593,132977.8429717701
1594,135155.11159226764
1595,113297.90809080328
1596,224043.241485473
1597,186705.79589301912
1598,210439.61182283526
1599,202036.11545995047
1600,179213.28795280072
1601,35824.87306835607
1602,122993.39954099296
1603,79026.43910480282
1604,296868.2123927914
1605,239961.5588127848
1606,158500.16731976738
1607,164100.89371376552
1608,208962.88974261566
1609,180490.13968020564
1610,151941.01737799775
1611,136758.55472368025
1612,193916.0589247905
1613,164498.889970246
1614,151036.24112910838
1615,83680.55748420049
1616,67898.09858717736
1617,85657.3401829823
1618,117566.25257106825
1619,152164.32744362793
1620,157374.89933241418
1621,132453.07539986214
1622,142192.4461739193
1623,267100.588203545
1624,214230.14421142265
1625,109932.41683745249
1626,178251.04280796566
1627,180710.9930582579
1628,280608.70445253514
1629,175618.358713771
1630,322946.2401755052
1631,220694.43794111832
1632,231729.62474570124
1633,183645.75526998454
1634,187179.78514042695
1635,173362.92828111048
1636,148156.598769268
1637,183819.5098138527
1638,205152.45816728525
1639,180896.95713213572
1640,244640.27792910673
1641,174644.94043369283
1642,254348.5614890067
1643,225237.68014062976
1644,227752.01032613261
1645,213125.62450521791
1646,160076.92725552013
1647,156180.49535642602
1648,125297.38281338871
1649,130452.66914008642
1650,117175.81851267416
1651,117251.318515962
1652,104074.95520636426
1653,105477.00207593475
1654,144299.96488583306
1655,128799.10355974124
1656,132378.56556615006
1657,145049.69652239882
1658,144361.66586166818
1659,119293.05147763003
1660,148286.3659492185
1661,416834.81666354305
1662,364133.60939039977
1663,376908.10870177357
1664,460466.97307519475
1665,333405.1979022651
1666,331046.45475728216
1667,364442.931315318
1668,357152.69521423616
1669,319185.9542507564
1670,356509.1703082678
1671,266913.0535362368
1672,397730.4149031247
1673,288534.3315976898
1674,255545.02556478916
1675,204125.6699874063
1676,199483.00723760936
1677,215754.49398357666
1678,452134.9900820401
1679,378759.409667352
1680,320587.4116578823
1681,291628.066424525
1682,329079.1093511175
1683,200178.28867810394
1684,188404.5156178127
1685,183033.88074025878
1686,167433.41868190706
1687,187506.86201934778
1688,192708.56362321536
1689,203829.14110270358
1690,200526.7496533763
1691,190877.36002397654
1692,273477.77992513153
1693,188620.4251137401
1694,178564.01726920324
1695,175234.8822208943
1696,256800.59513456115
1697,178717.20201611414
1698,328448.6496497351
1699,307102.6180479279
1700,260312.19530163714
1701,278139.6162379391
1702,249813.41318796386
1703,240553.90785703366
1704,267070.9453424469
1705,262466.20275235124
1706,406185.5625966044
1707,227630.75018334185
1708,211414.77412093314
1709,255231.8088578046
1710,218774.20181190927
1711,278294.56032456167
1712,245754.3115836207
1713,269594.4256173662
1714,221748.5715479278
1715,208335.2947440156
1716,189610.39199374407
1717,188172.3137335797
1718,140533.9643202023
1719,233223.1284342027
1720,234922.3960843638
1721,183693.48890146564
1722,132112.62328706676
1723,163080.36402218594
1724,200158.83043185156
1725,230012.0335652559
1726,190586.11311938538
1727,147012.04609961648
1728,193822.72013624315
1729,158609.8068140905
1730,166866.9131522208
1731,129040.90440446093
1732,133255.95750830858
1733,107737.760081933
1734,116057.77612745043
1735,140657.21704943295
1736,108076.47036049151
1737,294303.117626188
1738,247902.58681066398
1739,257708.15736900957
1740,197446.1938522999
1741,183096.55521887116
1742,171318.97304459786
1743,181346.61888208514
1744,317559.33880633424
1745,228487.4648624538
1746,236225.97881087626
1747,218068.25181666118
1748,231366.14744120318
1749,148688.18143610316
1750,143757.94304174738
1751,245498.59828897915
1752,101492.84536934597
1753,155124.00049489574
1754,204291.0052062507
1755,163975.40915968345
1756,124317.96478608417
1757,116068.48152950738
1758,141829.98006827652
1759,158706.8922115377
1760,158127.77307386242
1761,155274.97972322913
1762,175538.401157956
1763,198245.93592620533
1764,109952.23654648231
1765,182360.30234046112
1766,185847.77231702107
1767,213525.57018196766
1768,140942.9098857111
1769,159370.3832970529
1770,158788.04613126174
1771,129540.38744628389
1772,134164.5546158449
1773,117490.13678922184
1774,146329.15325788478
1775,138711.57574950703
1776,136444.54401770068
1777,106691.48858473635
1778,144332.65248920606
1779,120763.98319371777
1780,182801.01891605748
1781,121711.17821960556
1782,71258.98858870249
1783,140407.89862110306
1784,96763.08964069642
1785,138616.73632254422
1786,151845.6701493828
1787,174025.13189886176
1788,44904.61740943816
1789,99749.46829702608
1790,46012.86026574446
1791,208758.95489949867
1792,160978.49343615607
1793,129410.46515570476
1794,174750.69089984952
1795,131643.64405573424
1796,145202.89378728045
1797,140013.95711987672
1798,130054.50466025087
1799,104671.12865520988
1800,136711.12732410815
1801,117523.77341234931
1802,150710.68487366167
1803,162797.259965262
1804,123089.08288645523
1805,142369.9745939591
1806,128817.34269854789
1807,158984.83840166108
1808,125281.59716970066
1809,119561.79615177517
1810,146017.10133591894
1811,97283.0966046199
1812,100733.44656807475
1813,120677.30231083925
1814,88816.52363691364
1815,33787.49099365648
1816,97690.68936529476
1817,113949.40924863127
1818,179808.9803379388
1819,138337.52050674113
1820,43476.47826990287
1821,131771.2247816916
1822,155419.78595469586
1823,42808.51086204105
1824,150117.1947969075
1825,147456.3954178
1826,98991.01901967973
1827,105794.25213640324
1828,132579.51026344104
1829,149589.487684434
1830,146397.46776861418
1831,159526.8310973816
1832,79465.46775403818
1833,151736.41049689273
1834,118715.5097312474
1835,116327.51743344474
1836,129859.58543166592
1837,79849.24677301373
1838,115780.9379810905
1839,104979.39061050203
1840,150505.30636948743
1841,124914.97467506738
1842,83563.40088057236
1843,128152.85008980196
1844,143357.44568517205
1845,158868.12391784025
1846,152040.32758410028
1847,189812.04384464925
1848,25258.680216742796
1849,121942.94308962666
1850,114561.13686077727
1851,146297.13530052104
1852,122415.61544686103
1853,116480.69909498736
1854,168849.01603584187
1855,153272.04391732372
1856,226830.47998034995
1857,139660.77035851977
1858,157803.28175788134
1859,115809.58814484777
1860,142204.18861596717
1861,117723.35965274759
1862,294814.7125355642
1863,293442.09359549533
1864,293455.0626712825
1865,349269.77814744017
1866,351347.37581836316
1867,228371.28123739042
1868,295454.7211668
1869,209392.75653925256
1870,220535.1596115264
1871,270759.51101528376
1872,181845.03787586826
1873,231371.71276290517
1874,151232.068910508
1875,199932.7288718988
1876,190325.35218209823
1877,203530.3173510589
1878,209104.03159247548
1879,116651.09638625734
1880,128358.93440755468
1881,242211.53200241618
1882,245716.68847539116
1883,195908.7365414753
1884,205878.81305088085
1885,247092.12667742523
1886,293280.8267543857
1887,218964.9422579137
1888,256944.4397977473
1889,172747.1663663617
1890,107263.85411190422
1891,145840.1510130247
1892,87520.57608991076
1893,133028.621805039
1894,114496.44930184093
1895,133570.46520064675
1896,120674.70369817255
1897,102734.3814900339
1898,116681.74149108495
1899,161190.11047602454
1900,165620.79248186396
1901,161833.60864917497
1902,158874.9772243559
1903,226029.69384657248
1904,164663.2177782437
1905,195563.24204507942
1906,150295.2271333638
1907,217424.8810989398
1908,114194.77501406021
1909,146773.93309607453
1910,126038.75970960103
1911,224480.19015122612
1912,295559.38062890666
1913,173244.3840042024
1914,64367.16523428132
1915,323089.87372678414
1916,26513.905738965608
1917,243122.13028154642
1918,139278.1935508655
1919,168499.29915152516
1920,160831.72564216054
1921,375705.3838986011
1922,340570.5514071005
1923,221523.49148255456
1924,219830.28230363587
1925,218925.77632128063
1926,375147.8325803552
1927,125940.16732183973
1928,152892.73832980776
1929,115523.54079098772
1930,136846.56968907523
1931,131568.5296764757
1932,133312.5539852142
1933,191455.8778073779
1934,173346.85926629594
1935,163290.68788266997
1936,199635.42376047664
1937,173010.3857579213
1938,172984.8826695047
1939,253757.30139835452
1940,202058.71824205658
1941,171378.27078869584
1942,175302.599988346
1943,225055.3512662836
1944,358389.3805013547
1945,378171.74899984465
1946,145856.08146277466
1947,331630.88226859615
1948,164230.9802474343
1949,241072.0851794302
1950,193745.45902760522
1951,241389.14100662962
1952,205194.9680434371
1953,175360.36049828248
1954,189432.7085126711
1955,129979.30204632584
1956,272224.2547057133
1957,148078.14068744052
1958,272665.86670769076
1959,141501.38815542203
1960,96379.06691023057
1961,123452.00324824135
1962,95173.55017735038
1963,110581.42816355053
1964,100977.43780335292
1965,141583.31251096542
1966,134555.08337841416
1967,297793.25880707416
1968,407748.75706164655
1969,387985.33252063906
1970,404134.48315439734
1971,453102.0381702299
1972,363026.12456260377
1973,294812.07080484874
1974,339855.18455195025
1975,458741.53037180786
1976,276459.9547520439
1977,364139.62119130127
1978,348030.1333955495
1979,306762.61112766084
1980,199089.9619053488
1981,338042.6330484393
1982,218196.75411882857
1983,205890.57672425683
1984,188669.66520116452
1985,234322.46633152603
1986,213813.39835719386
1987,201110.1465391976
1988,180138.52405351
1989,199853.5463784269
1990,216110.349363049
1991,219880.9757542818
1992,226665.8200813777
1993,183571.37170959488
1994,236274.39374476386
1995,184630.1112151702
1996,294393.3508310919
1997,341178.26563510264
1998,300249.88366748067
1999,301003.7855404022
2000,315523.6359716333
2001,282002.5667796107
2002,255655.6700561949
2003,247706.20627213857
2004,273273.0570169547
2005,250533.9787174183
2006,212856.46583409538
2007,248477.69119773828
2008,213144.57982344204
2009,204298.51977449915
2010,204598.95656168982
2011,149872.0196261768
2012,186661.44297111742
2013,172404.4170759327
2014,180953.06067987732
2015,201094.07176849723
2016,195629.72939293305
2017,196732.89085664664
2018,124421.04728973369
2019,137759.2677523948
2020,101402.03389328091
2021,107579.2592310655
2022,180456.4292020858
2023,138524.91661221298
2024,299491.12877661816
2025,358285.85305881896
2026,168801.4680915554
2027,155184.70882792617
2028,167101.51168351207
2029,161630.98490996673
2030,260212.03567369503
2031,243281.2992105571
2032,268640.05907069286
2033,251754.00904212042
2034,175169.85607366785
2035,218161.8226401147
2036,202832.82293051158
2037,204891.82934858967
2038,316079.6050602065
2039,231437.86395174128
2040,317349.57647994265
2041,294943.2666473113
2042,215017.5960942647
2043,176164.97882959584
2044,188094.72461417536
2045,197976.32967609115
2046,136940.71091863772
2047,145699.0603953849
2048,146034.09906170896
2049,137226.01174870512
2050,173454.9841366869
2051,113430.74238770339
2052,131890.80759758764
2053,144497.67673637395
2054,75677.88089262659
2055,155690.83334222785
2056,152828.74377290867
2057,110482.54207122858
2058,212429.3681905684
2059,127276.42613590031
2060,171613.490932169
2061,183539.03366534997
2062,122467.34716423033
2063,111671.9887817322
2064,123204.5636435758
2065,118599.05806185464
2066,171330.3129261061
2067,131416.19579554038
2068,141327.26738914353
2069,78729.86422100908
2070,107119.2290670526
2071,91633.21306440556
2072,142149.96103353333
2073,132642.74331425026
2074,155719.8985802347
2075,160442.2456269652
2076,122121.17635934544
2077,153314.92007577728
2078,122712.63534852644
2079,137023.23831288013
2080,120990.00122350032
2081,123216.60941012377
2082,139012.34136495471
2083,148177.35348675825
2084,98934.37843748479
2085,115107.63829645676
2086,147180.3937144725
2087,132779.2739497452
2088,96397.91116941185
2089,76207.44270096975
2090,130134.23417372667
2091,81542.6467074541
2092,130731.55037781192
2093,150437.68274905757
2094,110110.60531942591
2095,127042.03022176691
2096,88029.0009661876
2097,93577.0788635407
2098,147218.09939997722
2099,35836.53279248654
2100,72812.98020217911
2101,106394.55791068521
2102,147115.81500942388
2103,89651.05593016985
2104,148050.90409078426
2105,136397.77491894067
2106,28047.035341821553
2107,208980.97202256726
2108,120302.94821415129
2109,102873.77642983495
2110,121007.35685101159
2111,161838.40437587944
2112,133679.26965618937
2113,123732.48197566155
2114,130336.43918426585
2115,160615.3286393794
2116,118423.94370109352
2117,145744.54637046
2118,123453.39552573426
2119,112891.34911524702
2120,121933.15016661119
2121,104134.49223988768
2122,108802.9571273376
2123,89074.65009003837
2124,181660.32554787165
2125,146117.59859486172
2126,158188.54573884877
2127,170768.9398642125
2128,149108.97060091535
2129,90334.2556107359
2130,143833.41002768246
2131,151895.6821468727
2132,104150.34567139621
2133,129945.73558460627
2134,116933.96578591871
2135,103485.27243508777
2136,43083.88762804741
2137,123925.35124675887
2138,145020.48330711195
2139,148578.80284989203
2140,142217.60478867055
2141,169458.5623178341
2142,128055.86558030901
2143,141297.82262801635
2144,118277.10447661256
2145,146183.28443427
2146,187613.50462295185
2147,153046.7126106714
2148,138824.36979863988
2149,155286.82403632486
2150,229604.98307323107
2151,128438.30181123647
2152,171653.42411920824
2153,195623.39382087137
2154,91353.18359335081
2155,142681.920579091
2156,255833.08724955577
2157,224344.59827860765
2158,235436.99568195152
2159,230459.31310809383
2160,181482.59590780077
2161,238341.77129897557
2162,368379.96212520415
2163,345932.33341869677
2164,249488.9600544647
2165,198785.87018708937
2166,159257.53943794323
2167,222567.406735135
2168,187131.2328196869
2169,194403.35057612183
2170,214427.61993618743
2171,158109.6607817755
2172,134735.05969144683
2173,163581.06998926005
2174,222512.41367342728
2175,261954.1040333404
2176,304420.5794585628
2177,235779.32226177072
2178,217887.08363340862
2179,143401.4953829892
2180,227307.17684212734
2181,196979.29355097952
2182,216718.03026837777
2183,195806.51311287674
2184,130699.3596828641
2185,141460.2889543784
2186,145671.5847629997
2187,159038.44587050032
2188,159326.06713097516
2189,323629.7784310759
2190,60779.85601747084
2191,53104.61498091533
2192,74864.53033998996
2193,110479.42466660851
2194,96535.28433878254
2195,82301.61585709214
2196,120356.57363997684
2197,97710.09122280961
2198,159290.93792669766
2199,177306.02272942808
2200,147489.89699368182
2201,151502.1762294723
2202,195810.00006309594
2203,155629.38326721147
2204,168841.1357289372
2205,129687.75363338197
2206,155327.1411189866
2207,215986.7215820019
2208,239218.4214926971
2209,214080.9599248514
2210,117009.08974691742
2211,121959.01954216251
2212,125892.90697765499
2213,103992.28052851546
2214,161084.03506118336
2215,99924.738327565
2216,149578.22670253122
2217,63534.971041987184
2218,89227.34638846685
2219,70435.11814951559
2220,44890.53016819313
2221,323815.09704644943
2222,306623.4991583135
2223,284405.9772947908
2224,218857.26484289567
2225,129184.03871855495
2226,180557.55497244088
2227,202459.78622781005
2228,296462.66321357153
2229,236898.988287296
2230,153666.6876232944
2231,209194.16589935607
2232,176006.77890400682
2233,181094.5042318754
2234,258889.96772742984
2235,243520.7469576282
2236,250709.95467048112
2237,305168.94929375756
2238,210943.73505065867
2239,121933.66224925854
2240,172455.1734922817
2241,143692.36803126664
2242,127512.40678333827
2243,131789.45513427595
2244,107262.30769358302
2245,116396.48002835177
2246,142631.90782716026
2247,118597.84656263233
2248,123145.14941473304
2249,116586.03520242688
2250,125969.8082971302
2251,110926.52327572455
2252,176474.8422168409
2253,164628.08112276555
2254,172374.8992918431
2255,193541.1171495344
2256,178882.14301707377
2257,209523.05024336462
2258,155877.7535231646
2259,171659.37005406094
2260,145418.05994002157
2261,221310.64517743254
2262,232287.69276191285
2263,359978.3443216024
2264,403891.5499078459
2265,178961.82290198284
2266,305988.24218626984
2267,366249.0196728951
2268,409343.5379930664
2269,160110.8760971585
2270,190312.32996627357
2271,204044.421013796
2272,210676.7937947038
2273,154835.87473389102
2274,174792.43632284185
2275,154387.0250643228
2276,193348.38717469544
2277,188852.7547464546
2278,153779.05584059696
2279,120624.8427813619
2280,107328.48589091927
2281,162655.55957646947
2282,168447.23270526022
2283,115014.89084499014
2284,132248.24270385806
2285,131534.7859812525
2286,117776.11768094945
2287,380167.0476423133
2288,292013.29775502475
2289,320733.6068888464
2290,416549.44466095767
2291,343152.59084462025
2292,412384.64886587934
2293,428664.00210369844
2294,383822.8251177453
2295,424494.93001114775
2296,261507.66918371833
2297,363218.9905585683
2298,370378.64884677937
2299,351520.9526497137
2300,325361.15652827534
2301,326146.5369652327
2302,255807.3037233522
2303,250658.696169106
2304,245167.47350928932
2305,199506.1851103981
2306,200543.2017674179
2307,212433.20282822865
2308,221258.43951034552
2309,306532.37614422117
2310,204873.78806453338
2311,216592.52434485703
2312,181354.7261866433
2313,178519.0256302476
2314,176272.44937994968
2315,178836.97711111794
2316,204199.19572300947
2317,192031.44303135556
2318,178924.24991770866
2319,182458.85339100868
2320,178303.17628243615
2321,250032.5053096754
2322,189744.3418610245
2323,204236.4231175758
2324,198356.5254862029
2325,207563.17523253942
2326,190648.11419987035
2327,204529.1364338249
2328,223126.56912887876
2329,187316.7830851989
2330,182620.7164518648
2331,328446.6423539317
2332,394100.49240922043
2333,315188.9987707728
2334,273624.3938287988
2335,306448.389127305
2336,307523.410491496
2337,202257.7435626122
2338,246209.71578617534
2339,229416.5230921032
2340,374506.1058313452
2341,214047.72458626423
2342,237298.729704388
2343,227281.3505253179
2344,233412.70182716785
2345,231539.39109109642
2346,208159.38501213916
2347,197858.87567431113
2348,236679.75188819377
2349,181095.4524057298
2350,313573.658138706
2351,265817.7096729408
2352,243976.6772184477
2353,252297.84600476373
2354,139968.28759118207
2355,157045.0841115503
2356,163284.26776505515
2357,195612.52474167556
2358,194169.61992263843
2359,123198.60610207796
2360,116875.83033122524
2361,144660.18549661414
2362,251727.4137960974
2363,157345.3317612539
2364,185318.5147307361
2365,214656.42130593862
2366,183201.21174366795
2367,205120.52027821113
2368,217523.2204655615
2369,201104.09017060482
2370,160158.36357932576
2371,154853.3560668691
2372,199117.0381646054
2373,294261.7597587815
2374,307385.4946057612
2375,248886.69408265533
2376,286962.69086945377
2377,326516.6128975528
2378,151262.22005952024
2379,225928.07025118617
2380,154631.02746977372
2381,170655.58992411802
2382,216477.61473550365
2383,194962.51766678086
2384,233498.76627731725
2385,167993.83195659448
2386,130324.58615382994
2387,131882.85118137777
2388,105077.98008771286
2389,120805.4683952664
2390,146187.20683581286
2391,127311.3851162182
2392,117232.26594910143
2393,164587.97035172005
2394,139637.00199915867
2395,206689.11774684448
2396,141163.5412624337
2397,209468.6677927536
2398,121506.31932253102
2399,58078.07190802158
2400,59254.03899073275
2401,122980.212412792
2402,139642.34549155665
2403,135314.4248011093
2404,139183.47341639444
2405,166682.93248184925
2406,134922.902166284
2407,122533.59037895002
2408,153264.67925218854
2409,110682.55627648771
2410,185692.8001954652
2411,109742.5568595503
2412,157018.57476525637
2413,127841.72140803657
2414,161804.43616010572
2415,131049.74552245309
2416,129523.11882964292
2417,130604.72007884158
2418,128892.36147419806
2419,125224.61665843026
2420,118073.4203189005
2421,133619.12525201368
2422,108886.755397286
2423,113861.97026414756
2424,153099.88032152297
2425,213879.00087276052
2426,126059.56845745406
2427,125129.04021745946
2428,184618.678298941
2429,102607.2801219087
2430,134584.63710776408
2431,105471.42381842842
2432,151429.44110884238
2433,153460.19269825114
2434,149238.48614239672
2435,161800.419237156
2436,123465.46228329974
2437,104564.83203378425
2438,114177.0123021002
2439,105223.7494739676
2440,127705.0038540442
2441,103627.16155497098
2442,95454.75476719506
2443,140340.11021049938
2444,109848.41741725458
2445,81686.93307337334
2446,133852.33443779137
2447,200906.62980453885
2448,148415.24923847624
2449,114123.71047269533
2450,151767.6167550337
2451,122055.65456345971
2452,197182.72298502893
2453,98412.66706667315
2454,106887.32933145054
2455,117544.23091984692
2456,150521.28321847695
2457,126867.46816952545
2458,139546.93984068936
2459,113898.32994673599
2460,157228.25929809664
2461,141883.7522906536
2462,131942.83183399533
2463,136320.16014666052
2464,180070.70745553187
2465,136210.28955288933
2466,124620.5030291332
2467,150321.41188216757
2468,80476.47333705158
2469,76619.78665550228
2470,206874.19268988655
2471,220581.36636603568
2472,166637.07786767726
2473,115999.21777843428
2474,80822.2302714605
2475,216772.8804391798
2476,102170.62414107892
2477,114116.27963086213
2478,141760.2596225746
2479,106818.98361316649
2480,156257.59660607722
2481,129465.28580101638
2482,124803.63492928032
2483,104358.010816516
2484,127659.6941293256
2485,132891.69621014083
2486,150607.60325333037
2487,201217.8565143525
2488,162955.60323142083
2489,157625.88776963248
2490,143354.73548980738
2491,104896.30665461162
2492,187384.62757670975
2493,159359.46094738878
2494,144277.86414185277
2495,88985.30181780501
2496,232840.54140880058
2497,155641.7738401321
2498,108043.95766326721
2499,75869.79249010558
2500,104891.07438482143
2501,144227.8254135158
2502,146343.27005869188
2503,94870.22259832319
2504,168946.93385561585
2505,225064.4300939549
2506,245704.6862264888
2507,270522.68526043044
2508,245842.1309964844
2509,217163.84275999572
2510,210131.4453571225
2511,183640.03556384647
2512,228853.15745913115
2513,220353.98476414036
2514,274601.8850330484
2515,140518.8080708823
2516,173559.60671067168
2517,146845.87351654534
2518,150472.94983076176
2519,237180.0374665453
2520,209842.3110135358
2521,195416.5437406188
2522,217883.20953869616
2523,115421.80306266552
2524,129859.43782962314
2525,130289.26063874438
2526,138917.01622081408
2527,118804.31864763555
2528,124928.5843075372
2529,151867.97758477708
2530,126734.86462549842
2531,260245.55293352215
2532,222741.155135636
2533,202116.06700658923
2534,248999.3482705948
2535,272046.4368783599
2536,227352.25290023047
2537,237518.13765077625
2538,185189.94587634315
2539,197786.4176270388
2540,178529.95651577288
2541,188773.37799769602
2542,170183.245887091
2543,135360.22194564808
2544,104611.84936242079
2545,136398.6256537925
2546,125809.09240829793
2547,148703.7219603803
2548,162236.19172105214
2549,152963.35827221107
2550,610303.8508296398
2551,155864.05350905383
2552,132905.50491640388
2553,50793.8337646306
2554,81932.77079517116
2555,95683.66134343437
2556,80872.23685937366
2557,109076.96301424257
2558,187221.18658272323
2559,137926.72463781366
2560,150026.2158721524
2561,150374.63492325938
2562,151140.6863867253
2563,148127.28613407374
2564,203134.22738720203
2565,157199.4316012485
2566,151482.51850193372
2567,128760.47975064276
2568,193719.25825168335
2569,201347.0880285304
2570,122221.74248671698
2571,184964.16592726705
2572,170375.62080326336
2573,211319.2606732052
2574,283739.726840407
2575,138336.57860860828
2576,125878.84280712492
2577,151627.58576374117
2578,80882.01199593587
2579,30385.752449581574
2580,108216.32338047965
2581,135397.46343285736
2582,133079.78496976598
2583,281460.2026028386
2584,157969.8362673012
2585,181750.66416197305
2586,211938.46252299045
2587,192009.295621913
2588,140692.97770815267
2589,149274.59330085592
2590,205466.09787203753
2591,258171.61243597968
2592,212353.73032114946
2593,254498.9085192253
2594,177822.60774391287
2595,221692.84784767107
2596,286804.85231455613
2597,203913.52816790534
2598,279998.15779772797
2599,354582.22736196744
2600,175504.54191199542
2601,155383.09228429792
2602,73156.38100920577
2603,94162.49181737177
2604,78960.96417396946
2605,74565.26319498995
2606,131253.16998048886
2607,227321.37170587102
2608,195923.4650871381
2609,167586.641059685
2610,101782.14137665424
2611,135383.581082319
2612,153584.14697898913
2613,127377.79547755874
2614,114355.52751076496
2615,157923.86306005987
2616,160794.22651771072
2617,191878.84153198442
2618,239511.80532864883
2619,208974.55628955105
2620,183583.70075372432
2621,170420.68873163193
2622,180858.57217050996
2623,230980.19680399826
2624,267914.7793420281
2625,274398.42576186336
2626,162787.34126651898
2627,169632.26154039032
2628,418550.99147425545
2629,459285.2575350042
2630,356719.4060742379
2631,419654.4407578785
2632,384832.2274992223
2633,305392.9189438311
2634,404737.0754332457
2635,151421.3852107954
2636,180333.93052057698
2637,220345.1046688517
2638,257195.73806444724
2639,178797.37713074102
2640,148340.0872728439
2641,93823.17960919795
2642,172383.90483430706
2643,117617.16721950984
2644,117793.97096566531
2645,112124.4475844322
2646,95463.76889260262
2647,111897.67355517604
2648,140212.1144788284
2649,161537.02656053985
2650,132235.87823620177
2651,133209.47457269742
2652,374144.89287443657
2653,252808.09004628006
2654,275687.1796499219
2655,400704.6073392846
2656,327851.6500952791
2657,347013.0916627268
2658,324715.3286928585
2659,333877.2701578983
2660,347181.8162656258
2661,349784.6752725019
2662,380899.4461096131
2663,271591.4084354141
2664,300194.7228908001
2665,324638.8973259969
2666,293949.8430855993
2667,178063.56727215738
2668,188234.18272725376
2669,184536.5631530396
2670,265821.63504047715
2671,189768.2674369942
2672,189206.94196781682
2673,197806.74632930907
2674,203287.097404331
2675,180826.50552208166
2676,201713.64386015685
2677,195840.1397112707
2678,246479.48668603206
2679,274397.0382686695
2680,290769.78821194835
2681,405721.5944358087
2682,320125.42459563236
2683,477846.51274747704
2684,330455.2536984164
2685,321147.4971424116
2686,244259.4426352591
2687,283208.35910227225
2688,214670.52428365196
2689,201540.65969959972
2690,363260.8964319376
2691,195194.80860535472
2692,146431.2516220032
2693,198534.95121132198
2694,145155.01344402612
2695,200582.94384108213
2696,189548.0388031359
2697,184718.4904761467
2698,210601.5541858527
2699,164735.8011264887
2700,144526.84590801757
2701,158323.99852018073
2702,123919.06871902102
2703,153277.97195584993
2704,138263.11163009127
2705,110144.78604295311
2706,104584.53546653799
2707,132532.1674658054
2708,119257.42934746067
2709,104619.57436669047
2710,130644.12947847511
2711,283865.6713946129
2712,389099.93343776313
2713,168236.42708625368
2714,151080.78254384338
2715,164492.79741733795
2716,147996.0978392781
2717,201957.48178035824
2718,224503.1984792602
2719,135955.27202486843
2720,193735.18194359244
2721,135964.64360847534
2722,176605.61302407578
2723,159652.18038156186
2724,138542.7105500974
2725,125679.41621933693
2726,135256.07901188993
2727,183593.00958556327
2728,177889.76131998486
2729,140843.83538009744
2730,143240.6434907149
2731,129828.29268213923
2732,138081.76139378655
2733,159282.33799949265
2734,150538.58059179675
2735,134472.45138582602
2736,133184.27689989505
2737,107223.5439731593
2738,124128.33781011564
2739,151613.97741562204
2740,141310.53248481327
2741,152609.82537957426
2742,173146.05920911106
2743,159875.35051219832
2744,163399.5094209064
2745,152221.66228403794
2746,122814.33369403513
2747,171276.8872583499
2748,121499.15499264783
2749,134748.89969865742
2750,112602.2959864132
2751,130677.73174026443
2752,218524.29289593245
2753,141794.2511415168
2754,219389.88326522108
2755,138404.3860471515
2756,77226.49392767024
2757,72202.22801417465
2758,73228.37386189967
2759,156958.33372770186
2760,128878.89937991541
2761,139510.38381888735
2762,131608.5007098976
2763,188482.0128831658
2764,172051.99764014548
2765,277337.7506475987
2766,116351.73035992902
2767,73297.31914553531
2768,115994.73163125801
2769,139141.80568951892
2770,158493.5851001706
2771,106296.94994587867
2772,101965.60275937733
2773,180929.3955301161
2774,149210.6330231621
2775,117370.06155165576
2776,145404.23075734227
2777,155452.54827136814
2778,125708.36246723811
2779,123573.49119216582
2780,102261.50485434153
2781,88443.61250233174
2782,93785.96797324148
2783,90155.48810966953
2784,125787.41720265227
2785,138659.7016770204
2786,51489.91278871811
2787,128621.03185512236
2788,59711.84505424701
2789,182002.641629221
2790,84751.19227141494
2791,117306.19205556005
2792,53508.78345569843
2793,157559.55367470073
2794,97764.98125425937
2795,128891.07032640211
2796,87505.86595756112
2797,222166.40390491046
2798,123166.23212531337
2799,118081.23309908778
2800,70189.83509238996
2801,114759.62922703483
2802,131782.4866067235
2803,172502.20597849053
2804,145499.34154860378
2805,108442.17329907173
2806,78988.98805105744
2807,172386.81402636063
2808,155248.8589152584
2809,121985.1598192537
2810,132695.52967141676
2811,167328.220233725
2812,179392.75627591618
2813,155721.08623511
2814,148120.9790258613
2815,100719.20221189977
2816,207627.96431508247
2817,150647.06439369213
2818,125214.57117256374
2819,194449.34671588845
2820,135120.5200805911
2821,115538.94434206246
2822,196276.62918590527
2823,299471.88817045087
2824,167912.23523065995
2825,167082.8285310817
2826,138591.45277589367
2827,139672.46134970835
2828,248771.16377599526
2829,212030.1846823866
2830,215483.3266300864
2831,191954.88188387643
2832,230479.74164898656
2833,308405.12589989905
2834,232094.31598483218
2835,228717.6722869941
2836,205150.34171453668
2837,168598.63460893024
2838,145265.93372682264
2839,176471.631618128
2840,198197.7414260804
2841,203712.41816395678
2842,227370.9004086419
2843,149170.07455730153
2844,166082.13338391524
2845,127201.64457556949
2846,203230.08814485534
2847,198633.18550066365
2848,209954.42966449508
2849,209627.6599736515
2850,270420.09394430614
2851,226230.94002806133
2852,228309.1467768444
2853,239349.34729081753
2854,146633.7841983292
2855,206285.44961076725
2856,204679.46014876757
2857,198928.01607838031
2858,210047.2299461779
2859,90392.8620263551
2860,121561.55865398185
2861,140276.1305180678
2862,199153.2725493598
2863,138272.6182706959
2864,257711.79665535665
2865,147291.4001123906
2866,156547.8204206801
2867,95167.86099007164
2868,92574.07239040479
2869,102868.91320674114
2870,119906.28538380301
2871,83722.3683487761
2872,10331.987186518032
2873,83796.50699014321
2874,146036.76787896047
2875,122795.82565633077
2876,178142.1617076847
2877,143681.61883655877
2878,170052.07110978244
2879,124780.38279325524
2880,103723.77696874783
2881,130814.66350732076
2882,175279.41799351852
2883,188045.84457801402
2884,209285.7681525939
2885,185786.60135156958
2886,231930.2973065295
2887,119820.2764882928
2888,144147.89752250278
2889,41508.13739912513
2890,76614.81405610562
2891,147224.32588239145
2892,47505.82473669834
2893,93749.00677031907
2894,29769.82210322455
2895,341968.106904986
2896,299681.5099206837
2897,213123.0104708276
2898,154268.74699701476
2899,236931.16068286833
2900,154265.3767129463
2901,212402.25745594635
2902,198431.088793571
2903,302361.02816919796
2904,339449.38634494797
2905,81292.6124359244
2906,210112.02556508614
2907,121663.52123398062
2908,123178.64693290011
2909,140331.59272723075
2910,63993.11016782571
2911,73132.56516147719
2912,153385.23680022982
2913,78690.80435712582
2914,64241.46165424443
2915,78581.63046031816
2916,84518.4324679686
2917,176823.44357561404
2918,107314.19201921535
2919,221052.03347194663
